Product Name,Variant Name,Color HEX,Product URL
Hanasui Mattedorable Lip Cream 01 Kiss,01 Kiss,#9c3c44,https://hanasui.id/makeup/lip_cream
Hanasui Mattedorable Lip Cream 02 Posh,02 Posh,#c63464,https://hanasui.id/makeup/lip_cream
Hanasui Mattedorable Lip Cream 03 Star,03 Star,#e64468,https://hanasui.id/makeup/lip_cream
Hanasui Mattedorable Lip Cream 04 Chic,04 Chic,#e06874,https://hanasui.id/makeup/lip_cream
Hanasui Mattedorable Lip Cream 05 Classy,05 Classy,#c48474,https://hanasui.id/makeup/lip_cream
Hanasui Mattedorable Lip Cream 06 Ritz,06 Ritz,#e48577,https://hanasui.id/makeup/lip_cream
Hanasui Mattedorable Lip Cream 07 Spark,07 Spark,#d7948c,https://hanasui.id/makeup/lip_cream
Hanasui Mattedorable Lip Cream 08 Fancy,08 Fancy,#e47959,https://hanasui.id/makeup/lip_cream
Hanasui Mattedorable Lip Cream 09 Fame,09 Fame,#bc7c74,https://hanasui.id/makeup/lip_cream
Hanasui Mattedorable Lip Cream 10 Allure,10 Allure,#bc6c64,https://hanasui.id/makeup/lip_cream
Hanasui Mattedorable Lip Cream 11 Brick,11 Brick,#cc6259,https://hanasui.id/makeup/lip_cream
Hanasui Mattedorable Lip Cream 12 Amaze,12 Amaze,#c4766e,https://hanasui.id/makeup/lip_cream
Hanasui Mattedorable Lip Cream 13 Adore,13 Adore,#df9a95,https://hanasui.id/makeup/lip_cream
Hanasui Mattedorable Lip Cream 14 Dusty,14 Dusty,#e47484,https://hanasui.id/makeup/lip_cream
Hanasui Mattedorable Lip Cream 15 Flame,15 Flame,#904853,https://hanasui.id/makeup/lip_cream
Hanasui Mattedorable Lip Cream 16 Glam,16 Glam,#ac4b55,https://hanasui.id/makeup/lip_cream
Hanasui Mattedorable Lip Cream Boba 01 Forest Berry,Forest Berry,#945c4c,https://hanasui.id/makeup/lip_cream
Hanasui Mattedorable Lip Cream Boba 02 Brown Sugar,Brown Sugar,#945c4c,https://hanasui.id/makeup/lip_cream
Hanasui Mattedorable Lip Cream Boba 03 Salted Caramel,Salted Caramel,#ac6464,https://hanasui.id/makeup/lip_cream
Hanasui Mattedorable Lip Cream Boba 04 Pink Lava,Pink Lava,#d46c7c,https://hanasui.id/makeup/lip_cream
Hanasui Mattedorable Lip Cream Boba 05 Creamy Peach,Creamy Peach,#c84c54,https://hanasui.id/makeup/lip_cream
Hanasui Mattedorable Lip Cream 06 Hazelnut Latte,Hazelnut Latte,#944b42,https://hanasui.id/makeup/lip_cream
Hanasui Mattedorable Lip Cream Matcha Latte 01 Matchalicious,01 Matchalicious,#B01E52,https://hanasui.id/makeup/lip_cream
Hanasui Mattedorable Lip Cream Matcha Latte 02 Matchamallow ,02 Matchamallow,#D5393D,https://hanasui.id/makeup/lip_cream
Hanasui Mattedorable Lip Cream Matcha Latte 03 Matchaciano ,03 Matchaciano,#A1412B,https://hanasui.id/makeup/lip_cream
Hanasui Mattedorable Lip Cream Matcha Latte 04 Matchalover ,04 Matchalover,#8F3F2B,https://hanasui.id/makeup/lip_cream
Hanasui Mattedorable Lip Cream Matcha Latte 05 Matchablend,05 Matchablend,#A75248,https://hanasui.id/makeup/lip_cream
Hanasui Mattedorable Lip Cream Matcha Latte 06 Matchachoco,06 Matchachoco,#7F392C,https://hanasui.id/makeup/lip_cream
Hanasui Perfect Cover Concealer 01 Fair,01 Fair,#eacabb,https://hanasui.id/makeup/concealer
Hanasui Perfect Cover Concealer 02 Ivory,02 Ivory,#f3be9a,https://hanasui.id/makeup/concealer
Hanasui Perfect Cover Concealer 03 Caramel,03 Caramel,#f0bea0,https://hanasui.id/makeup/concealer
Hanasui Serum Cushion Soulmatte 101 Light,101 Light,#ebcbb1,https://hanasui.id/makeup/foundation
Hanasui Serum Cushion Soulmatte 102 Natural,102 Natural,#ebc59f,https://hanasui.id/makeup/foundation
Hanasui Serum Cushion Soulmatte 103 Medium,103 Medium,#f1be9d,https://hanasui.id/makeup/foundation
Hanasui Serum Cushion Soulmatte 104 Pinkish,104 Pinkish,#f2c5b9,https://hanasui.id/makeup/foundation
Hanasui Serum Cushion Soulmatte 105 Fairy Pinkish,Fairy Pinkish,#f9d2c9,https://hanasui.id/makeup/foundation
Hanasui Serum Cushion Soulmatte 106 Porcelain,106 Porcelain,#eabeac,https://hanasui.id/makeup/foundation
Hanasui Serum Cushion Soulmatte 107 Light Ivory,Light Ivory,#ecd0b8,https://hanasui.id/makeup/foundation
Hanasui Serum Cushion Soulmatte 108 Creamy Beige,Creamy Beige,#eabeac,https://hanasui.id/makeup/foundation
Hanasui Serum Cushion Soulmatte 109 Warm Sand,Warm Sand,#ebb695,https://hanasui.id/makeup/foundation
Hanasui Serum Cushion Soulmatte 110 Classy Ivory,Classy Ivory,#e8b49c,https://hanasui.id/makeup/foundation
Hanasui Perfect Stay Foundation 001 Fair,001 Fair,#f0cca0,https://hanasui.id/makeup/foundation
Hanasui Perfect Stay Foundation 002 Vanilla,002 Vanilla,#f7cda3,https://hanasui.id/makeup/foundation
Hanasui Perfect Stay Foundation 003 Marble,003 Marble,#eebf9c,https://hanasui.id/makeup/foundation
Hanasui Perfect Stay Foundation 004 Chiffon,004 Chiffon,#ebb48f,https://hanasui.id/makeup/foundation
Hanasui Perfect Stay Foundation 005 Butter Cream,Butter Cream,#dcb593,https://hanasui.id/makeup/foundation
Hanasui Perfect Stay Foundation 006 Shell,006 Shell,#dbad8b,https://hanasui.id/makeup/foundation
Hanasui Perfect Stay Foundation 007 Ivory,007 Ivory,#dcb48b,https://hanasui.id/makeup/foundation
Hanasui Perfect Stay Foundation 008 Beige,008 Beige,#dcb18e,https://hanasui.id/makeup/foundation
Hanasui Perfect Stay Foundation 009 Neutral,009 Neutral,#dcad85,https://hanasui.id/makeup/foundation
Hanasui Perfect Stay Foundation 010 Dessert,010 Dessert,#dba97e,https://hanasui.id/makeup/foundation
Hanasui Perfect Stay Foundation 011 Sand,011 Sand,#dba27b,https://hanasui.id/makeup/foundation
Hanasui Perfect Stay Foundation 012 Chestnut,012 Chestnut,#dba075,https://hanasui.id/makeup/foundation
Hanasui Perfect Stay Foundation 013 Almond,013 Almond,#daa97d,https://hanasui.id/makeup/foundation
Hanasui Perfect Stay Foundation 014 Caramel,014 Caramel,#d6a379,https://hanasui.id/makeup/foundation
Hanasui Perfect Stay Foundation 015 Truffle,015 Truffle,#d39b7a,https://hanasui.id/makeup/foundation
Hanasui Perfect Stay Foundation 016 Latte,016 Latte,#d39771,https://hanasui.id/makeup/foundation
Hanasui Perfect Stay Foundation 017 Brownie,017 Brownie,#ce8c69,https://hanasui.id/makeup/foundation
Hanasui Perfect Stay Foundation 018 Deep,018 Deep,#bd8160,https://hanasui.id/makeup/foundation
Hanasui Serum Cushion 01 Light ,01 Light,#dca494,https://hanasui.id/makeup/foundation
Hanasui Serum Cushion 02 Natural ,02 Natural,#e4b098,https://hanasui.id/makeup/foundation
Hanasui Serum Cushion 03 Medium,03 Medium,#e4ac99,https://hanasui.id/makeup/foundation
Hanasui Serum Cushion 04 Pinkish,04 Pinkish,#e4b4a4,https://hanasui.id/makeup/foundation
Hanasui Serum Cushion 05 Fairy Pinkish,Fairy Pinkish,#e4b49c,https://hanasui.id/makeup/foundation
Hanasui Serum Cushion 06 Porcelain,06 Porcelain,#ecb4a3,https://hanasui.id/makeup/foundation
Hanasui Serum Cushion 07 Light Ivory,Light Ivory,#e8ac9c,https://hanasui.id/makeup/foundation
Hanasui Serum Cushion 08 Creamy Beige,Creamy Beige,#e8b4a4,https://hanasui.id/makeup/foundation
Hanasui Serum Cushion 09 Warm Sand,Warm Sand,#e3af9e,https://hanasui.id/makeup/foundation
Hanasui Serum Cushion 10 Classy Ivory,Classy Ivory,#e8b098,https://hanasui.id/makeup/foundation
Hanasui Perfect Fit Powder Foundation 01 Light,01 Light,#f8c4a4,https://hanasui.id/makeup/powder
Hanasui Perfect Fit Powder Foundation 02 Natural,02 Natural,#ecbc94,https://hanasui.id/makeup/powder
Hanasui Perfect Fit Powder Foundation 03 Medium,03 Medium,#e4b484,https://hanasui.id/makeup/powder
Hanasui Perfect Fit Powder Foundation 04 Porcelain,04 Porcelain,#e8b48c,https://hanasui.id/makeup/powder
Hanasui Perfect Fit Powder Foundation 05 Classy Ivory,Classy Ivory,#eccab3,https://hanasui.id/makeup/powder
Hanasui Perfect Fit Setting Powder 01 Light,01 Light,#b69894,https://hanasui.id/makeup/powder
Hanasui Perfect Fit Setting Powder 02 Medium,02 Medium,#cba19a,https://hanasui.id/makeup/powder
Hanasui Perfect Fit Setting Powder 03 Natural,03 Natural,#f4c0a6,https://hanasui.id/makeup/powder
Hanasui Perfect Fit Setting Powder Trans 12gr ,Trans 12gr,#f8c4a4,https://hanasui.id/makeup/powder
Hanasui Tintdorable Lip Stain 01 Cherry,01 Cherry,#c42c3c,https://hanasui.id/makeup/lip_tint
Hanasui Tintdorable Lip Stain 02 Peachy,02 Peachy,#d44c34,https://hanasui.id/makeup/lip_tint
Hanasui Tintdorable Lip Stain 03 Ruby,03 Ruby,#a42c4c,https://hanasui.id/makeup/lip_tint
Hanasui Tintdorable Lip Stain 04 Sweet,04 Sweet,#dc6c7c,https://hanasui.id/makeup/lip_tint
Hanasui Tintdorable Lip Stain 05 Coral ,05 Coral,#bc6454,https://hanasui.id/makeup/lip_tint
Hanasui Tintdorable Lip Stain 06 Bloody ,06 Bloody,#7c343d,https://hanasui.id/makeup/lip_tint
Hanasui Tintdorable Lip Stain 07 Copper,07 Copper,#dc746c,https://hanasui.id/makeup/lip_tint
Hanasui Tintdorable Lip Stain 08 Rosy,08 Rosy,#ac5452,https://hanasui.id/makeup/lip_tint
Hanasui Tintdorable Lip Stain 09 Dreamy,09 Dreamy,#dc8475,https://hanasui.id/makeup/lip_tint
Hanasui Mattedorable Lipstick 101 Superstar,101 Superstar,#d22127,https://hanasui.id/makeup/lipstick
Hanasui Mattedorable Lipstick 103 Sway,103 Sway,#a12c46,https://hanasui.id/makeup/lipstick
Hanasui Mattedorable Lipstick 105 Noona,105 Noona,#d75f73,https://hanasui.id/makeup/lipstick
Hanasui Mattedorable Lipstick 107 Pop,107 Pop,#bd3e4c,https://hanasui.id/makeup/lipstick
Hanasui Mattedorable Lipstick 110 Cinnamon,110 Cinnamon,#863a35,https://hanasui.id/makeup/lipstick
Hanasui Mattedorable Lipstick 111 Peony,111 Peony,#a8554a,https://hanasui.id/makeup/lipstick
Hanasui Mattedorable Lipstick 113 Tropical,113 Tropical,#d05559,https://hanasui.id/makeup/lipstick
Hanasui Mattedorable Lipstick 115 Sandstone,115 Sandstone,#e68579,https://hanasui.id/makeup/lipstick
Hanasui Mattedorable Lipstick 117 Jazzy ,117 Jazzy,#6d141c,https://hanasui.id/makeup/lipstick
Hanasui Mattedorable Lipstick 118 Retro,118 Retro,#6a1d34,https://hanasui.id/makeup/lipstick
Hanasui Glazedorable Vinyl Stain 01 Not Today,Not Today,#8a2432,https://hanasui.id/makeup/vinyl_stain
Hanasui Glazedorable Vinyl Stain 02 Yes Honey,Yes Honey,#b12028,https://hanasui.id/makeup/vinyl_stain
Hanasui Glazedorable Vinyl Stain 03 Thank You,Thank You,#b92454,https://hanasui.id/makeup/vinyl_stain
Hanasui Glazedorable Vinyl Stain 04 Bless Me,Bless Me,#d73b73,https://hanasui.id/makeup/vinyl_stain
Hanasui Glazedorable Vinyl Stain 05 Speechless,05 Speechless,#8f3f2b,https://hanasui.id/makeup/vinyl_stain
Hanasui Glazedorable Vinyl Stain 06 Stay Cool,Stay Cool,#a95b51,https://hanasui.id/makeup/vinyl_stain
Hanasui Perfect Cheek Blush & Go Pink,Go Pink,#f49ca1,https://hanasui.id/makeup/blush_on
Hanasui Perfect Cheek Blush & Go Peach ,Go Peach,#ec9f91,https://hanasui.id/makeup/blush_on
